Gender,Married,Dependents,Education,Self_Employed,ApplicantIncome,CoapplicantIncome,LoanAmount,Loan_Amount_Term,Credit_History,Property_Area
1,0,0.0,0,0,0.5088750695379717,0.703227341955672,0.4969639780012502,0.28135819118310423,1.0,0
1,1,3.0,1,1,0.3000396364715249,-0.5473899974577909,-0.2545745152080302,-4.324877338757431,1.0,2
1,1,0.0,1,1,-0.5942434832290747,0.04256788878818664,-0.6182221732125207,0.28135819118310423,1.0,0
1,1,0.0,0,0,0.06732277918580068,0.9850331157701724,1.3575967686118777,0.28135819118310423,1.0,1
1,0,0.0,0,0,-0.06410973992171168,-0.5473899974577909,-0.2545745152080302,0.28135819118310423,1.0,2
1,1,0.0,0,0,0.13625710299605523,0.7552530232752721,2.157621616221757,0.28135819118310423,1.0,2
0,0,0.0,0,0,0.7912178650949603,0.008217599198963525,0.9575843448069382,0.28135819118310423,1.0,0
1,1,3.0,0,1,0.05902356084009436,-0.07248890643785195,-0.5576142302117724,0.28135819118310423,1.0,0
1,1,2.0,0,0,0.3818462173077729,-0.5473899974577909,0.4969639780012502,0.28135819118310423,1.0,2
1,0,0.0,1,0,-0.28937423787659755,-0.5473899974577909,-1.4667333752229987,-3.4036302327693235,1.0,1
1,1,1.0,1,0,0.0007596606171765091,-0.1702038078906905,0.4848423894011005,0.28135819118310423,1.0,2
1,1,1.0,0,1,0.8781056000204163,0.7365771376733644,0.16968108579720872,-2.4823831267812166,0.0,2
0,1,0.0,0,0,-0.19452602821138246,0.22165629179219454,0.4363560350005018,0.28135819118310423,1.0,1
0,0,0.0,0,0,-0.6484424601806261,0.05290632546067127,-0.5212494644113232,0.28135819118310423,0.0,1
1,1,0.0,0,0,-0.5171793128760874,0.14195028002690982,-2.1154604886841822e-05,0.28135819118310423,1.0,2
1,0,0.0,0,0,0.08815551095155329,-0.5473899974577909,-2.1154604886841822e-05,0.28135819118310423,1.0,2
1,1,2.0,1,0,-0.22721478618528693,-0.07682437988115196,0.1333163199967597,0.28135819118310423,1.0,0
1,1,0.0,0,1,0.08290498505937173,0.1729655900443637,0.46059921220080113,0.28135819118310423,1.0,1
0,0,0.0,0,0,-0.49973401716980675,-0.5473899974577909,-1.2121800146198554,0.28135819118310423,1.0,0
1,1,2.0,0,0,0.15607360394396624,0.017889039957094306,0.775760515804693,0.28135819118310423,1.0,1
1,1,1.0,0,1,-0.2729451729881585,0.4280915272847101,0.06058678839586158,0.28135819118310423,1.0,1
1,0,0.0,0,0,-0.26735590349002974,-0.5473899974577909,-0.5576142302117724,0.28135819118310423,1.0,2
1,1,3.0,0,0,-0.16861214235642188,0.05657480298961742,0.16968108579720872,0.28135819118310423,0.0,2
1,0,0.0,0,1,0.2461794031259206,-0.5473899974577909,-2.1154604886841822e-05,0.28135819118310423,1.0,2
0,0,0.0,1,0,-0.5358102112031832,-0.5473899974577909,-0.9212618882162629,0.28135819118310423,1.0,1
1,1,1.0,0,0,-0.37321328034852874,0.31403522593020233,0.2908969717987056,0.28135819118310423,1.0,1
1,1,0.0,1,0,-0.07478016350904838,-0.5473899974577909,-0.15760180640683275,0.28135819118310423,1.0,0
0,0,0.0,0,0,-0.49973401716980675,-0.5473899974577909,-1.6606787928253937,0.28135819118310423,1.0,2
1,1,1.0,0,0,2.202593099273956,-0.5473899974577909,4.291021209848101,0.28135819118310423,1.0,2
1,1,3.0,0,0,5.872202582499939,-0.5473899974577909,5.5031800698630695,-2.4823831267812166,0.0,1
1,1,1.0,0,0,-0.3379839453300203,0.5364783633672102,0.14543790859690936,0.28135819118310423,1.0,2
1,0,0.0,0,1,-0.027525430479414425,-0.5473899974577909,-0.21820974940758117,0.28135819118310423,1.0,1
1,0,0.0,1,0,-0.2532980438432211,-0.5473899974577909,-0.43639834421027546,0.28135819118310423,1.0,0
1,1,0.0,0,0,-0.4988871581549388,0.5644921917700718,0.31514014899900494,0.28135819118310423,1.0,1
1,1,1.0,1,0,-0.46213347690966794,0.2863548954845177,-0.6788301162132692,0.28135819118310423,1.0,1
1,1,3.0,0,0,-0.177419476111049,-0.5473899974577909,-0.5576142302117724,0.28135819118310423,1.0,2
1,1,2.0,1,0,-0.3339190220586539,0.4060806621110332,-0.02426433180518621,0.28135819118310423,1.0,2
1,1,0.0,0,0,-0.47924002901000134,0.2723479812830869,0.16968108579720872,0.28135819118310423,1.0,1
0,0,0.0,0,0,-0.3798187806644991,-0.5473899974577909,-0.31518245820877866,0.28135819118310423,1.0,1
1,1,0.0,0,0,-0.6045751632104642,0.633526268905695,-0.1818449836071321,0.28135819118310423,1.0,1
1,1,0.0,1,0,-0.48686176014381327,0.23066073663597148,0.4242344464003521,0.28135819118310423,0.0,2
1,1,1.0,0,0,-0.5275109928574769,-0.08115985332445196,-0.7394380592140176,0.28135819118310423,1.0,2
1,1,2.0,0,0,-0.1050977162413225,-0.08482833085339811,0.04846519979571189,0.28135819118310423,1.0,1
0,0,0.0,0,1,-0.1262691916130223,-0.5473899974577909,-0.15760180640683275,0.28135819118310423,0.0,1
1,1,2.0,0,1,1.89636887949769,-0.20922306888039055,0.04846519979571189,0.28135819118310423,1.0,0
0,0,1.0,0,1,0.5581622642032888,-0.5473899974577909,0.04846519979571189,0.28135819118310423,1.0,1
1,0,0.0,0,1,0.181479374390006,-0.5473899974577909,0.654544629803196,0.28135819118310423,1.0,0
1,1,3.0,0,0,0.5795031113779623,1.1187657965981186,-0.19396657220728178,0.28135819118310423,1.0,0
1,0,0.0,0,0,-0.3555986128392745,0.3660609072498024,-0.43639834421027546,0.28135819118310423,1.0,2
1,0,3.0,0,0,0.6501311532179528,-0.5473899974577909,0.47272080080095086,0.28135819118310423,1.0,0
1,1,0.0,0,1,-0.3379839453300203,0.2863548954845177,-0.21820974940758117,0.28135819118310423,1.0,1
1,1,3.0,1,0,-0.4033614612778293,0.007550603284609679,-0.9212618882162629,-2.4823831267812166,0.0,2
1,0,0.0,0,0,-0.26735590349002974,-0.5473899974577909,-0.4000335784098264,2.1238524031593182,1.0,2
1,1,2.0,0,0,0.23229091528208554,0.03623142760182509,1.0181922878076866,-0.6398889148050028,1.0,1
1,0,0.0,0,0,1.129961471042157,-0.5473899974577909,0.21816744019780748,0.28135819118310423,1.0,1
0,0,0.0,0,0,-0.4960078375043876,0.07391669676281744,-0.5091278758111736,0.28135819118310423,0.0,2
1,1,0.0,0,0,-0.4819499778575789,0.2750159649405023,-0.6788301162132692,-2.4823831267812166,0.0,0
1,1,0.0,1,0,-0.5869604957012099,-0.20021862403661364,-0.5818574074120717,0.28135819118310423,1.0,1
1,1,3.0,0,0,-0.22501295274663016,2.037219170663366,1.7454876038166678,0.28135819118310423,1.0,1
1,1,3.0,0,0,0.40843759037462785,-0.5473899974577909,-0.21820974940758117,-2.4823831267812166,1.0,2
1,1,3.0,0,0,-0.32155488044158126,-0.13051755098663662,-0.21820974940758117,0.28135819118310423,0.0,1
1,1,0.0,0,0,2.5979068874143345,-0.5473899974577909,-2.1154604886841822e-05,0.28135819118310423,1.0,0
1,1,0.0,0,0,0.9323045769719677,-0.5473899974577909,1.0666786422082855,0.28135819118310423,1.0,1
0,1,1.0,0,1,2.3975400444965675,-0.5473899974577909,5.5031800698630695,0.28135819118310423,1.0,1
1,0,0.0,0,1,0.8616765351319772,-0.5473899974577909,0.4969639780012502,0.28135819118310423,0.0,2
1,1,2.0,0,0,-0.05564114977303176,0.6755470115099873,1.0909218194085848,0.28135819118310423,1.0,1
1,0,0.0,1,1,0.07985629260584697,-0.5473899974577909,-0.1697233950069824,0.28135819118310423,1.0,1
1,1,0.0,1,0,-0.2565161080997195,-0.052812526964413464,-0.2666961038081799,-0.6398889148050028,1.0,1
1,1,0.0,1,0,-0.17420141185455065,0.12427488829653288,0.581815098202298,0.28135819118310423,1.0,0
1,0,0.0,0,0,0.6499617814149792,-0.5473899974577909,1.1878945282097821,0.28135819118310423,1.0,2
1,0,0.0,0,0,-0.40539392291351245,-0.5473899974577909,-0.5818574074120717,0.28135819118310423,1.0,1
1,1,3.0,0,0,-0.38828737081317904,0.2876888873132254,0.14543790859690936,0.28135819118310423,0.0,1
1,0,0.0,0,0,-0.5915335343814971,10.737180379537767,-0.6788301162132692,0.28135819118310423,1.0,2
1,1,0.0,1,0,0.39488784613674,-0.5473899974577909,-0.5091278758111736,0.28135819118310423,0.0,2
1,1,0.0,0,1,5.727897806366433,1.0367252991325955,-0.31518245820877866,0.28135819118310423,1.0,1
1,1,2.0,1,0,-0.114582537207844,-0.5473899974577909,-0.43639834421027546,0.28135819118310423,1.0,0
1,1,3.0,0,0,-0.38947297343399423,-0.5473899974577909,-0.569735818811922,0.28135819118310423,1.0,2
1,1,3.0,0,1,-0.15455428270961322,-0.13051755098663662,-0.43639834421027546,0.28135819118310423,1.0,2
1,1,2.0,0,1,-0.46501279756021907,0.2296602427644407,-0.2545745152080302,0.28135819118310423,1.0,0
1,1,1.0,0,1,-0.31545749553453173,-0.14385746927371357,-0.19396657220728178,0.28135819118310423,1.0,0
1,1,0.0,0,0,-0.46501279756021907,0.15795818197140216,-0.31518245820877866,0.28135819118310423,1.0,2
0,0,1.0,0,0,-0.46213347690966794,-0.5473899974577909,0.16968108579720872,0.28135819118310423,1.0,2
0,1,1.0,0,1,1.045275569555358,-0.5473899974577909,1.697001249416069,0.28135819118310423,0.0,2
1,1,2.0,1,0,-0.511420671574985,-0.12885006120075201,-0.2545745152080302,0.28135819118310423,0.0,0
1,1,2.0,1,0,-0.18673492527459692,-0.20055212199379055,-0.43639834421027546,0.28135819118310423,1.0,2
1,1,0.0,0,0,-0.23382028650125727,0.030561962329817397,0.03634361119556221,0.28135819118310423,0.0,0
1,1,2.0,0,0,-0.3476381380995154,-0.38597698618416,-0.13335862920653338,0.28135819118310423,1.0,1
1,1,0.0,0,0,-0.3816818704972087,0.2583410670816561,-0.08487227480593464,0.28135819118310423,1.0,0
1,1,0.0,0,0,0.08341310046829253,-0.5473899974577909,-0.02426433180518621,0.28135819118310423,1.0,2
1,1,3.0,0,0,12.816615876220446,-0.5473899974577909,2.5939988058271455,0.28135819118310423,0.0,0
1,1,1.0,1,0,0.21670870940851447,-0.5473899974577909,-0.109115452006234,-2.4823831267812166,1.0,2
1,1,1.0,0,0,-0.43046094975360505,0.09192558645037131,-2.1154604886841822e-05,0.28135819118310423,0.0,0
1,0,0.0,1,0,0.1503149626428639,-0.5473899974577909,-0.15760180640683275,0.28135819118310423,1.0,0
1,1,0.0,0,0,-0.17250769382481465,-0.5473899974577909,-0.19396657220728178,0.28135819118310423,1.0,1
0,1,0.0,0,0,-0.1262691916130223,-0.5473899974577909,-0.4121551670099761,0.28135819118310423,1.0,0
1,1,2.0,0,1,-0.3408632659805715,0.6198528526614411,-0.7030732934135685,0.28135819118310423,1.0,2
0,0,0.0,0,0,-0.05564114977303176,-0.5473899974577909,-0.1697233950069824,0.28135819118310423,1.0,0
1,0,0.0,1,0,-0.43588084744876016,-0.5473899974577909,-0.9818698312170112,-0.6398889148050028,1.0,0
1,0,1.0,1,0,-0.44875310447475364,-0.11317565721343661,-0.6303437618126704,0.28135819118310423,1.0,1
1,1,0.0,0,0,-0.4988871581549388,0.1656286349864714,-1.0667209514180591,0.28135819118310423,1.0,0
1,1,0.0,0,0,-0.30969885423342935,0.008551097156140448,-0.3879119898096767,0.28135819118310423,1.0,1
1,1,2.0,0,0,-0.4016677432480933,-0.5473899974577909,-0.7879244136146163,0.28135819118310423,1.0,1
1,1,0.0,0,0,0.4357064506533772,0.06391175804750975,0.4121128578002024,0.28135819118310423,1.0,0
1,1,1.0,0,1,-0.5336083777645264,-0.5473899974577909,-0.9697482426168615,-0.6398889148050028,0.0,0
1,0,0.0,0,0,2.5243995249237927,-0.5473899974577909,4.0485894378451075,0.28135819118310423,1.0,0
1,1,2.0,0,0,0.7409144396118015,-0.5473899974577909,-0.4121551670099761,0.28135819118310423,1.0,2
1,1,0.0,1,1,-0.46060913068290554,0.602844456845418,0.23028902879795715,-2.4823831267812166,0.0,0
1,0,2.0,0,0,-0.2947941355717527,-0.5473899974577909,-0.43639834421027546,0.28135819118310423,0.0,0
1,1,1.0,1,0,-0.4773769391772918,0.11393645162404825,-0.07275068620578495,-2.4823831267812166,1.0,2
1,1,0.0,0,0,-0.42842848811792184,0.2039809000618176,-0.29093928100847927,0.28135819118310423,1.0,1
0,0,0.0,0,0,-0.30800513620369335,-0.5473899974577909,-0.8485323566153647,0.28135819118310423,0.0,2
1,1,1.0,0,0,-0.323756713880238,0.03623142760182509,0.4848423894011005,0.28135819118310423,1.0,2
1,1,2.0,1,1,-0.5849280340655267,0.07791867224894053,-0.5939789960122214,0.28135819118310423,1.0,1
0,1,1.0,0,0,-0.11221133196621362,-0.5473899974577909,-0.13335862920653338,0.28135819118310423,1.0,2
1,1,3.0,0,0,0.18435869504055719,-0.5473899974577909,0.1333163199967597,-2.4823831267812166,1.0,0
0,0,0.0,0,0,-0.36626903642661124,0.44810140471532556,-0.1697233950069824,0.28135819118310423,1.0,0
1,0,0.0,1,1,-0.47060206705834784,0.13361283109748673,-0.24245292660788054,0.28135819118310423,1.0,0
0,0,0.0,1,0,-0.155909257133402,-0.5473899974577909,-0.31518245820877866,0.28135819118310423,1.0,1
1,0,0.0,1,0,-0.40674889733730124,0.25467258955270994,-0.4242767556101258,0.28135819118310423,1.0,1
1,1,0.0,0,0,0.5090444413409453,-0.5473899974577909,0.16968108579720872,0.28135819118310423,1.0,1
1,1,2.0,0,1,2.0615063873969484,-0.5473899974577909,3.078862349833133,0.28135819118310423,1.0,0
1,0,0.0,0,0,0.08239686965045094,0.6752135135528105,2.000040964419811,0.28135819118310423,1.0,0
1,1,2.0,1,0,-0.1762338734902338,0.5408138368105103,-0.15760180640683275,-2.4823831267812166,1.0,2
1,0,0.0,0,0,-0.19266293837867288,-0.5473899974577909,-0.31518245820877866,0.28135819118310423,1.0,0
0,0,0.0,0,1,-0.3235873420772644,-0.5473899974577909,-0.13335862920653338,0.28135819118310423,1.0,0
1,1,0.0,0,0,-0.2744695192149209,0.3093662545297254,0.3272617375991546,0.28135819118310423,1.0,2
1,1,0.0,1,0,-0.19317105378759367,-0.5473899974577909,-0.37579040120952706,-2.4823831267812166,1.0,1
1,1,0.0,0,1,0.716694271786577,-0.5473899974577909,0.5454503324018489,0.28135819118310423,1.0,1
1,1,3.0,0,0,1.6380768799629524,-0.5473899974577909,1.8667034898181645,0.28135819118310423,1.0,0
1,1,3.0,0,0,-0.16708779612965952,-0.4843588835513524,-0.2666961038081799,0.28135819118310423,1.0,1
0,1,0.0,0,0,-0.49211228603599483,-0.3789735290834446,-0.19396657220728178,0.28135819118310423,1.0,1
1,0,0.0,0,1,1.2783311704470293,-0.5473899974577909,3.139470292833881,0.28135819118310423,1.0,1
1,1,2.0,0,1,0.014986892066958775,0.8519674308565799,1.4666910660132249,0.28135819118310423,1.0,2
1,0,0.0,0,0,-0.24787814614806594,-0.0004533476876364839,-2.1154604886841822e-05,0.28135819118310423,1.0,0
0,1,0.0,1,0,-0.5759513285079261,0.0008806441410712099,-0.5576142302117724,0.28135819118310423,1.0,1
1,1,1.0,0,0,-0.3410326377835451,-0.5473899974577909,-0.606100584612371,0.28135819118310423,1.0,1
1,1,0.0,0,0,-0.2751470064268153,0.11960591689605596,-0.31518245820877866,0.28135819118310423,1.0,0
1,0,0.0,0,1,0.31138754727075596,-0.5473899974577909,-0.21820974940758117,0.28135819118310423,1.0,2
1,1,0.0,0,0,1.6177522636061206,-0.5473899974577909,-0.606100584612371,0.28135819118310423,1.0,1
1,0,1.0,1,0,-0.2934391611479639,-0.5473899974577909,-0.5576142302117724,-1.5611360207931098,1.0,2
1,1,2.0,0,0,-0.24195013304399,-0.5473899974577909,-0.6788301162132692,0.28135819118310423,1.0,1
1,1,2.0,0,0,-0.12067992211489355,-0.5473899974577909,-0.14548021780668305,0.28135819118310423,1.0,2
1,1,2.0,0,1,0.11373065320056665,-0.5473899974577909,0.7151525728039445,-1.5611360207931098,1.0,1
1,1,0.0,0,0,-0.5496986990470183,0.503128567649518,-0.21820974940758117,0.28135819118310423,1.0,1
1,1,0.0,1,0,-0.46501279756021907,0.23899818556539454,-0.31518245820877866,0.28135819118310423,1.0,2
1,1,0.0,0,0,-0.5134531332106682,-0.03980610663451345,-0.5091278758111736,0.28135819118310423,1.0,2
0,0,1.0,1,0,-0.12237364014462952,-0.5473899974577909,-0.7879244136146163,0.28135819118310423,1.0,0
1,1,0.0,1,0,-0.32561980371294763,0.92567047939268,-0.2788176924083296,0.28135819118310423,1.0,1
1,0,0.0,1,0,-0.6582660247530949,-0.5473899974577909,-1.3455174892215018,0.28135819118310423,1.0,2
1,1,2.0,0,0,-0.5127756459987739,-0.21862771534145486,-0.8242891794150654,-2.4823831267812166,1.0,2
1,1,2.0,0,0,-0.4438413221885193,-0.15819788143232127,-0.5939789960122214,0.28135819118310423,1.0,1
1,1,1.0,0,0,-0.41437062847111317,0.06724673761927898,-0.2788176924083296,2.1238524031593182,1.0,1
1,0,0.0,0,0,-0.2927616739360695,-0.5473899974577909,-0.800046002214766,0.28135819118310423,1.0,2
1,1,2.0,0,0,0.45247425914776346,-0.5473899974577909,0.654544629803196,0.28135819118310423,1.0,1
1,0,0.0,1,0,0.12135238433437857,-0.5473899974577909,-0.37579040120952706,0.28135819118310423,0.0,0
1,1,1.0,0,0,-0.1770807325051018,0.4531038740729794,0.31514014899900494,-3.9563784963621877,1.0,0
1,1,0.0,0,0,0.6774000134967021,-0.5473899974577909,0.5090855666013999,-2.4823831267812166,1.0,0
1,0,0.0,0,0,-0.279889416910076,0.8869847163601569,0.31514014899900494,0.28135819118310423,1.0,0
1,1,3.0,1,0,-0.36508343380579605,-0.5473899974577909,-0.8727755338156641,0.28135819118310423,1.0,1
1,0,0.0,0,0,-0.3235873420772644,-0.5473899974577909,-0.23033133800773084,0.28135819118310423,1.0,1
1,1,0.0,0,0,-0.11915557588813117,0.40541366619667935,-0.4242767556101258,-5.061875023547916,1.0,2
1,0,0.0,0,0,-0.30969885423342935,-0.5473899974577909,-0.7879244136146163,-0.6398889148050028,1.0,1
0,0,0.0,0,0,-0.47788505458621255,-0.5473899974577909,-1.0909641286183585,0.28135819118310423,1.0,0
1,0,0.0,0,0,-0.5779837901436092,1.1411101597289726,-0.9576266540167119,0.28135819118310423,1.0,0
0,0,1.0,0,0,-0.30275461031151185,-0.5473899974577909,-0.4121551670099761,0.28135819118310423,1.0,1
1,1,1.0,1,0,-0.48042563163081653,0.24466765083740225,-2.1154604886841822e-05,0.28135819118310423,1.0,0
1,0,0.0,0,0,-0.48262746506947335,-0.5473899974577909,-1.0545993628179093,0.28135819118310423,1.0,2
1,1,2.0,0,0,-0.19672786165003922,-0.06481845342278271,0.14543790859690936,0.28135819118310423,1.0,0
1,1,0.0,0,0,-0.4960078375043876,0.17530007574460219,-0.37579040120952706,0.28135819118310423,1.0,1
1,1,0.0,0,1,0.7849511083849371,-0.5473899974577909,0.4121128578002024,0.28135819118310423,1.0,0
1,1,3.0,1,0,-0.3782944344377367,-0.5473899974577909,-0.4000335784098264,0.28135819118310423,1.0,0
1,0,0.0,0,0,-0.06969900941984043,-0.5473899974577909,-0.19396657220728178,0.28135819118310423,0.0,0
0,1,0.0,0,1,-0.40641015373135403,0.23066073663597148,-0.08487227480593464,0.28135819118310423,1.0,1
1,1,0.0,0,1,0.15708983476180782,-0.5473899974577909,0.16968108579720872,0.28135819118310423,1.0,2
0,0,0.0,0,0,-0.2510962104045643,-0.5473899974577909,-0.4242767556101258,0.28135819118310423,1.0,1
0,1,0.0,1,0,-0.5385201600507608,0.5321428899239102,0.38786968059990307,0.28135819118310423,0.0,1
1,1,2.0,0,1,-0.4407926297349945,-0.5473899974577909,-0.4848846986108742,0.28135819118310423,0.0,1
1,0,0.0,0,1,2.513051614124562,-0.5473899974577909,6.109259499870554,2.1238524031593182,1.0,2
0,0,0.0,0,0,0.11373065320056665,-0.5473899974577909,0.12119473139661,0.28135819118310423,1.0,2
1,0,0.0,0,0,-0.47907065720702774,6.122569146080678,-0.5212494644113232,0.28135819118310423,1.0,1
1,1,1.0,0,1,1.920419675519941,0.20298040619028682,-0.727316470613868,0.28135819118310423,1.0,1
0,0,0.0,1,1,2.1741386363743915,-0.5473899974577909,-0.2545745152080302,0.28135819118310423,1.0,2
1,1,0.0,0,0,0.1701314635907749,0.9810311402840493,1.3697183572120275,0.28135819118310423,1.0,1
1,1,2.0,0,1,-0.47907065720702774,0.986700605556057,0.3636265033996037,0.28135819118310423,1.0,0
1,0,0.0,1,0,-0.2416113894380428,0.008217599198963525,-0.4485199328104252,0.28135819118310423,1.0,0
1,1,3.0,0,0,-0.31545749553453173,0.5958409997447026,0.04846519979571189,0.28135819118310423,1.0,0
1,0,0.0,0,0,0.11373065320056665,-0.5473899974577909,-0.07275068620578495,0.28135819118310423,1.0,0
1,0,0.0,1,0,-0.26769464709597696,0.008884595113317373,-0.43639834421027546,0.28135819118310423,1.0,1
1,0,0.0,0,0,0.1606466426242534,-0.5473899974577909,-0.339425635409078,0.28135819118310423,0.0,0
1,0,0.0,0,0,-0.4226698468168195,0.0719157090197559,-0.24245292660788054,0.28135819118310423,1.0,0
1,1,1.0,1,0,-0.5232766977831369,0.29435884645676386,-0.21820974940758117,0.28135819118310423,1.0,2
1,0,1.0,0,1,-0.2814137631368384,-0.5473899974577909,-0.4000335784098264,-2.4823831267812166,1.0,2
0,0,0.0,0,0,-0.19689723345301283,-0.5473899974577909,-0.3636688126093774,0.28135819118310423,0.0,1
0,0,0.0,0,0,-0.19689723345301283,-0.5473899974577909,-1.2364231918201547,0.28135819118310423,1.0,1
1,1,0.0,1,0,-0.3943847557202286,0.008217599198963525,-0.5576142302117724,2.1238524031593182,0.0,2
1,0,0.0,0,0,0.10373771682512434,0.8639733573149492,1.8182171354175658,0.28135819118310423,1.0,1
1,1,0.0,0,0,-0.23737709436370286,-0.2805916317162522,-0.4121551670099761,0.28135819118310423,1.0,1
1,0,2.0,0,0,-0.3017383794936702,-0.5473899974577909,-0.800046002214766,0.28135819118310423,0.0,0
1,1,1.0,0,1,0.7912178650949603,-0.5473899974577909,0.10907314279646031,0.28135819118310423,1.0,0
1,1,0.0,0,0,0.44112634834853237,-0.5473899974577909,1.5636637748144224,0.28135819118310423,1.0,2
1,0,0.0,0,0,-0.36762401085040003,0.47077926580335633,-0.6909517048134188,0.28135819118310423,1.0,0
1,1,0.0,0,0,-0.5417382243072592,1.6757073850835809,-0.9212618882162629,-2.4823831267812166,1.0,1
1,0,0.0,0,0,-0.5976309192885466,-0.14285697540218278,-1.2000584260197056,0.28135819118310423,1.0,2
1,1,0.0,0,0,-0.4509549379134104,0.88665121840298,-0.30306086960862894,0.28135819118310423,1.0,0
0,0,0.0,0,0,-0.47907065720702774,-0.5473899974577909,-0.9576266540167119,0.28135819118310423,1.0,2
1,1,3.0,1,1,0.06342722771740791,-0.5473899974577909,-0.19396657220728178,0.28135819118310423,1.0,0
1,1,0.0,0,0,-0.09798410051643136,0.23066073663597148,-0.19396657220728178,0.28135819118310423,1.0,2
1,1,1.0,0,0,0.7129680921211577,-0.5473899974577909,0.4969639780012502,0.28135819118310423,1.0,2
1,1,0.0,0,0,-0.2631216084156898,-0.5473899974577909,-0.43639834421027546,0.28135819118310423,1.0,1
1,0,0.0,0,1,-0.3977721917797005,0.1472862473417406,-0.31518245820877866,0.28135819118310423,1.0,0
1,1,0.0,0,0,-0.7288940665930854,0.3773998377938178,-0.4121551670099761,0.28135819118310423,1.0,0
1,0,0.0,0,0,0.5795031113779623,0.8422959900984491,1.963676198619362,0.28135819118310423,1.0,0
1,1,2.0,0,0,0.5088750695379717,-0.5473899974577909,1.2121377054100815,0.28135819118310423,1.0,1
1,0,0.0,0,0,-0.07342518908525959,-0.5473899974577909,-0.5333710530114729,0.28135819118310423,1.0,1
1,1,0.0,1,0,-0.46213347690966794,0.019556529742978924,-0.4727631100107245,0.28135819118310423,1.0,0
1,1,0.0,0,0,-0.114582537207844,0.6475331831071258,-2.1154604886841822e-05,0.28135819118310423,1.0,1
1,0,0.0,0,0,-0.35136431776493454,-0.5473899974577909,-1.1636936602192565,0.28135819118310423,1.0,2
1,1,0.0,0,0,1.5843860184203218,0.1529557126137483,1.9151898442187634,0.28135819118310423,1.0,0
1,0,0.0,0,0,-0.10933201131566245,0.09125859053601747,0.47272080080095086,0.28135819118310423,1.0,1
1,1,1.0,0,0,-0.38557742196560146,-0.20388710156555978,-0.5576142302117724,0.28135819118310423,1.0,2
1,1,0.0,0,0,0.6359039217681706,-0.5473899974577909,0.9939491106073872,0.28135819118310423,1.0,1
1,0,0.0,1,0,0.2463487749288942,-0.5473899974577909,-0.19396657220728178,0.28135819118310423,1.0,1
1,1,1.0,1,0,-0.3268054063337628,-0.0004533476876364839,-0.4242767556101258,-2.4823831267812166,1.0,2
0,0,0.0,0,1,-0.47907065720702774,-0.5473899974577909,-0.6424653504128202,0.28135819118310423,1.0,2
1,1,0.0,0,1,-0.3166430981553469,-0.5473899974577909,-1.4667333752229987,-3.4036302327693235,1.0,1
0,1,0.0,0,0,-0.32392608568321163,0.3917402499524255,-0.4000335784098264,0.28135819118310423,1.0,1
1,1,0.0,0,0,-0.2712514549584225,0.044568876531248185,-0.1818449836071321,0.28135819118310423,1.0,1
1,1,0.0,0,0,-0.45789918183532796,1.5369722348979806,0.4969639780012502,0.28135819118310423,1.0,0
1,0,0.0,0,0,-0.2089226314641383,0.6021774609310642,0.06058678839586158,0.28135819118310423,1.0,0
0,0,1.0,1,1,-0.24753940254211876,-0.5473899974577909,-1.0182345970174602,0.28135819118310423,1.0,1
1,1,0.0,1,1,-0.41233816683543,0.3837362989801793,0.10907314279646031,0.28135819118310423,1.0,0
1,0,2.0,0,0,0.03446464940892259,1.0027085075005493,0.19392426299750812,0.28135819118310423,1.0,0
0,0,0.0,1,0,-0.5700233154038501,-0.5473899974577909,-1.1273288944188076,0.28135819118310423,1.0,1
1,1,0.0,0,0,-0.7288940665930854,1.2868487670152882,0.8484900474055911,0.28135819118310423,1.0,0
1,1,2.0,0,0,-0.12914851226357346,-0.5473899974577909,-0.5576142302117724,0.28135819118310423,1.0,2
0,1,0.0,0,0,-0.1262691916130223,-0.5473899974577909,-0.7515596478141673,0.28135819118310423,1.0,0
1,1,2.0,0,0,-0.07850634317446754,1.3282025137052267,0.7515173386043936,0.28135819118310423,1.0,1
1,0,0.0,0,0,-0.4003127688243045,1.3538818564078496,0.10907314279646031,-4.324877338757431,1.0,2
0,0,0.0,0,1,1.7666300784199136,-0.5473899974577909,-1.103085717218508,0.28135819118310423,1.0,1
1,1,1.0,0,0,0.4660240033856513,0.20298040619028682,0.4121128578002024,0.28135819118310423,1.0,2
0,0,1.0,0,0,-0.2568548517056667,-0.5473899974577909,-0.4121551670099761,0.28135819118310423,1.0,0
1,1,2.0,0,0,-0.04852753404814063,0.1472862473417406,0.47272080080095086,0.28135819118310423,1.0,0
1,1,0.0,0,0,-0.2939472765568847,0.8753122878589645,-0.1697233950069824,-2.4823831267812166,0.0,0
1,1,0.0,0,0,0.027012290078084263,-0.5473899974577909,-0.2545745152080302,0.28135819118310423,1.0,0
1,0,3.0,1,0,-0.10526708804429609,0.1172714311958175,0.024222022595412528,0.28135819118310423,1.0,1
1,1,0.0,0,1,-0.48262746506947335,0.4574393475162794,0.5090855666013999,0.28135819118310423,1.0,2
1,1,3.0,0,0,0.7072094508200555,-0.5473899974577909,1.5636637748144224,0.28135819118310423,1.0,0
0,0,0.0,1,0,-0.16573282170587073,-0.5473899974577909,0.09695155419631063,0.28135819118310423,1.0,0
0,0,0.0,0,0,-0.36389783118498087,-0.5473899974577909,-0.9091402996161132,0.28135819118310423,0.0,2
1,1,2.0,0,0,-0.2729451729881585,-0.5473899974577909,-0.31518245820877866,0.28135819118310423,1.0,1
1,1,0.0,0,0,-0.2932697893449903,0.17196509617283293,-0.32730404680892833,0.28135819118310423,0.0,0
1,1,0.0,0,0,-0.17403204005157705,-0.5473899974577909,-0.339425635409078,0.28135819118310423,1.0,2
1,1,1.0,0,0,0.503285800039843,-0.5473899974577909,0.07270837699601126,-0.6398889148050028,0.0,1
0,0,0.0,0,0,-0.540552621686444,2.4474216579909815,-0.109115452006234,0.28135819118310423,0.0,1
1,0,0.0,0,0,-0.24906374876888113,-0.5473899974577909,-0.8485323566153647,0.28135819118310423,1.0,1
1,1,0.0,0,0,-0.24889437696590755,0.5531532612260565,-0.04850750900548558,-2.4823831267812166,1.0,0
1,1,2.0,0,0,-0.24889437696590755,-0.5473899974577909,-0.606100584612371,0.28135819118310423,1.0,1
1,1,0.0,0,1,1.8277732992933826,-0.5473899974577909,1.381839945812177,0.28135819118310423,1.0,2
0,0,0.0,0,0,-0.1979134642708544,-0.5473899974577909,-0.9091402996161132,0.28135819118310423,1.0,1
1,1,1.0,0,0,-0.3793106652555783,-0.12051261227132892,-0.30306086960862894,0.28135819118310423,0.0,1
1,1,1.0,1,0,-0.5708701744187181,0.26501102622519457,-0.1818449836071321,0.28135819118310423,1.0,0
1,0,0.0,1,1,-0.46501279756021907,0.17530007574460219,-0.5091278758111736,0.28135819118310423,1.0,0
0,1,0.0,0,0,-0.16861214235642188,0.27001349558284843,-0.43639834421027546,0.28135819118310423,1.0,2
1,1,0.0,0,0,2.6260226067079517,1.6760408830407578,4.0485894378451075,0.28135819118310423,1.0,2
1,1,3.0,0,0,0.031754700561345016,3.221136918641444,4.230413266847353,0.28135819118310423,0.0,1
1,1,1.0,1,0,-0.13118097389925665,-0.13752100808735201,0.14543790859690936,0.28135819118310423,1.0,2
1,1,1.0,0,0,-0.6420063316676294,-0.07215540848067502,-1.4061254322222503,0.28135819118310423,1.0,2
1,1,1.0,0,1,0.416398065114387,-0.5473899974577909,1.1394081738091835,0.28135819118310423,1.0,2
1,1,1.0,1,0,-0.4531567713520672,-0.047143061692405765,-0.4000335784098264,-2.4823831267812166,0.0,0
1,1,0.0,0,0,-0.3769394600139479,-0.11384265312779046,-0.800046002214766,0.28135819118310423,1.0,2
0,0,2.0,0,0,-0.322062995850502,-0.5473899974577909,-0.09699386340608432,0.28135819118310423,1.0,2
0,0,0.0,0,0,-0.2771794680624985,-0.5473899974577909,-0.6424653504128202,0.28135819118310423,1.0,0
1,0,0.0,0,0,-0.5613853534521965,0.09592756193649439,-0.8727755338156641,0.28135819118310423,1.0,2
1,1,1.0,0,1,-0.31816744438210925,0.1459522555130329,0.19392426299750812,0.28135819118310423,1.0,1
0,0,0.0,0,1,0.35779542128552194,-0.5473899974577909,0.581815098202298,0.28135819118310423,1.0,0
1,1,0.0,1,0,0.1299903462860321,-0.5473899974577909,0.8727332246058904,0.28135819118310423,0.0,0
1,1,2.0,0,1,0.15607360394396624,-0.11384265312779046,-0.46064152141057485,0.28135819118310423,1.0,0
1,0,2.0,0,0,-0.28988235328551837,-0.5473899974577909,-0.4727631100107245,0.28135819118310423,1.0,1
1,1,2.0,1,0,-0.5708701744187181,-0.061816971808190395,-1.0424777742177598,-0.6398889148050028,1.0,2
1,1,0.0,0,0,-0.08663618971720026,-0.2395713829834906,-0.31518245820877866,-2.4823831267812166,1.0,2
1,0,0.0,0,0,1.6379075081599788,-0.5473899974577909,1.1636513510094828,0.28135819118310423,0.0,1
0,1,1.0,0,0,1.129961471042157,-0.5473899974577909,4.242534855447502,0.28135819118310423,1.0,1
0,0,0.0,0,0,-0.2653234418543466,0.008217599198963525,-0.13335862920653338,0.28135819118310423,1.0,0
1,1,2.0,0,0,0.5878023297236685,-0.5473899974577909,1.3575967686118777,0.28135819118310423,0.0,2
0,1,0.0,0,0,-0.454511745775856,0.5998429752308257,-0.31518245820877866,0.28135819118310423,0.0,2
0,1,0.0,0,0,-0.36609966462363763,0.2139858387771253,0.09695155419631063,0.28135819118310423,1.0,1
1,1,1.0,0,1,-0.4121687950324564,-0.5473899974577909,-0.6182221732125207,0.28135819118310423,1.0,1
0,1,0.0,1,1,0.30715325219641604,-0.5473899974577909,-0.09699386340608432,0.28135819118310423,1.0,0
1,1,2.0,0,0,1.0888041229195726,-0.5473899974577909,0.4969639780012502,-2.4823831267812166,1.0,2
0,0,0.0,0,0,-0.5403832498834704,-0.5473899974577909,-0.569735818811922,0.28135819118310423,0.0,1
0,0,0.0,0,0,-0.22501295274663016,0.2113178551197099,-0.02426433180518621,0.28135819118310423,1.0,1
1,1,0.0,0,0,-0.12338987096247112,-0.5473899974577909,-0.8848971224158138,-2.4823831267812166,1.0,1
1,1,0.0,0,0,-0.3591554207017201,0.47511473924665637,0.31514014899900494,0.28135819118310423,1.0,2
1,0,0.0,0,0,-0.22501295274663016,0.2863548954845177,-0.07275068620578495,0.28135819118310423,1.0,0
1,1,2.0,0,0,0.15607360394396624,1.3382074524205343,0.5090855666013999,-2.4823831267812166,1.0,1
1,0,0.0,0,0,-0.5535942505154111,0.18930698994603296,-0.14548021780668305,0.28135819118310423,1.0,1
1,0,2.0,0,0,-0.06868277860199884,-0.5473899974577909,0.24241061739810685,0.28135819118310423,0.0,1
0,1,2.0,0,0,-0.5585060328016455,-0.0031213313450518714,-0.4000335784098264,2.1238524031593182,1.0,1
1,1,3.0,1,0,-0.3059726745680102,-0.5473899974577909,-0.7879244136146163,-2.4823831267812166,1.0,0
1,1,2.0,0,0,-0.38202061410315585,2.155944443418351,0.654544629803196,0.28135819118310423,1.0,2
1,0,0.0,0,0,-0.19689723345301283,1.8571302737878272,0.46059921220080113,0.28135819118310423,1.0,2
1,1,1.0,0,1,-0.19689723345301283,0.5761646202712641,0.6666662184033458,0.28135819118310423,1.0,2
1,1,1.0,0,0,4.830057878803388,-0.5473899974577909,1.381839945812177,0.28135819118310423,1.0,1
1,1,2.0,1,0,-0.5161630820582458,-0.5473899974577909,-0.4000335784098264,0.28135819118310423,1.0,0
1,0,1.0,0,0,1.0029326188119583,-0.5473899974577909,0.6060582754025974,0.28135819118310423,1.0,1
1,1,2.0,1,0,-0.2800587887130496,-0.46668349182097546,-0.46064152141057485,0.28135819118310423,1.0,1
1,0,0.0,1,0,-0.4453656684152817,0.3814018132799409,-0.606100584612371,0.28135819118310423,1.0,1
1,1,2.0,0,0,0.08307435686234534,1.1200997884268264,-0.31518245820877866,0.28135819118310423,1.0,0
1,1,1.0,0,0,0.023624854018612293,-0.20322010565120593,-1.454611786622849,0.28135819118310423,1.0,1
1,0,0.0,0,0,-0.0822325228398867,0.7219032275575797,0.06058678839586158,0.28135819118310423,1.0,1
1,1,0.0,0,0,-0.5413994807013119,-0.01679474758930573,-0.606100584612371,0.28135819118310423,1.0,1
1,1,3.0,1,0,-0.06732780417821005,-0.5473899974577909,-0.21820974940758117,0.28135819118310423,1.0,1
1,1,1.0,0,0,-0.3266360345307892,0.2863548954845177,0.3272617375991546,0.28135819118310423,1.0,1
1,1,2.0,0,0,0.010583225189645216,-0.5473899974577909,-0.19396657220728178,0.28135819118310423,1.0,2
1,1,2.0,0,0,0.20519142680630978,-0.5473899974577909,0.7151525728039445,0.28135819118310423,1.0,1
1,1,0.0,1,0,0.11931992269869539,-0.5473899974577909,0.16968108579720872,0.28135819118310423,1.0,2
1,0,0.0,0,0,-0.10984012672458325,0.1486202391704483,-2.1154604886841822e-05,0.28135819118310423,1.0,1
1,1,1.0,0,0,0.054281150356833605,-0.5473899974577909,-1.2364231918201547,0.28135819118310423,1.0,2
1,1,0.0,1,0,-0.1459163207579597,-0.5473899974577909,-0.31518245820877866,0.28135819118310423,1.0,0
1,0,0.0,0,0,-0.47907065720702774,-0.5473899974577909,-1.103085717218508,0.28135819118310423,1.0,1
1,1,2.0,0,0,-0.22348860651986777,0.02522599501498662,-0.3636688126093774,0.28135819118310423,1.0,1
1,1,0.0,0,0,0.08476807489208131,-0.5473899974577909,-0.09699386340608432,0.28135819118310423,1.0,0
1,1,1.0,0,0,-0.6272709848089264,0.05390681933220204,-0.606100584612371,0.28135819118310423,1.0,2
1,0,0.0,1,0,-0.505153914864962,-0.013793265974713422,-0.1697233950069824,0.28135819118310423,1.0,1
1,1,2.0,0,0,0.10272148600728274,-0.5473899974577909,-0.15760180640683275,0.28135819118310423,1.0,1
1,1,0.0,0,0,-0.45874604085019594,0.19397596134650988,0.04846519979571189,0.28135819118310423,1.0,1
1,1,0.0,0,1,0.07071021524527264,-0.5473899974577909,1.3212320028114288,0.28135819118310423,1.0,2
1,0,0.0,0,0,0.11373065320056665,-0.5473899974577909,-0.060629097605635264,0.28135819118310423,1.0,2
1,1,1.0,0,0,-0.4367277064636282,0.06691323966210205,-0.37579040120952706,0.28135819118310423,1.0,1
1,1,2.0,0,0,-0.3674546390474264,-0.39364743919922923,-0.46064152141057485,-3.9563784963621877,1.0,2
1,1,0.0,0,0,-0.3918441786756246,0.18230353284531756,0.08482996559616095,0.28135819118310423,1.0,0
1,1,2.0,0,0,-0.25888731334134985,0.6532026483791334,0.8484900474055911,0.28135819118310423,0.0,2
1,0,0.0,0,1,0.12219924334924656,0.8976566509898184,-0.31518245820877866,-2.4823831267812166,1.0,2
1,1,0.0,0,0,-0.24415196648264678,0.34271605024741775,0.19392426299750812,0.28135819118310423,1.0,1
1,1,0.0,0,1,-0.2731145447911321,-0.5473899974577909,-1.260666369020454,-2.4823831267812166,1.0,0
1,1,0.0,1,0,-0.3926910376904926,0.498459596249041,-2.1154604886841822e-05,0.28135819118310423,0.0,2
0,1,0.0,0,0,-0.2885273788617296,-0.5473899974577909,-0.46064152141057485,0.28135819118310423,1.0,1
1,1,2.0,0,0,1.031217709908549,-0.17187129767657514,0.9575843448069382,0.28135819118310423,1.0,2
1,1,2.0,0,1,0.07071021524527264,-0.5473899974577909,-0.02426433180518621,-3.9563784963621877,1.0,0
1,1,1.0,0,0,-0.3681321262593208,0.04590286835995588,-0.07275068620578495,0.28135819118310423,1.0,1
1,0,0.0,1,0,-0.36051039512550886,0.2043143980189945,-0.24245292660788054,-2.4823831267812166,0.0,2
1,1,0.0,0,0,-0.5276803646604505,-0.17220479563375204,-2.1154604886841822e-05,0.28135819118310423,1.0,2
0,0,0.0,0,0,-0.18605743806270253,-0.5473899974577909,-0.4121551670099761,0.28135819118310423,1.0,1
1,0,3.0,0,0,1.2146473725289562,0.4531038740729794,2.1091352618211583,0.28135819118310423,1.0,0
1,1,2.0,0,0,-0.3367983427092051,0.02289150931474816,0.04846519979571189,0.28135819118310423,0.0,0
0,0,0.0,0,1,-0.46213347690966794,0.02522599501498662,-0.569735818811922,-0.6398889148050028,1.0,1
0,1,0.0,0,1,0.02904475171376744,-0.5473899974577909,-0.4970062872110239,0.28135819118310423,0.0,0
1,1,3.0,1,0,-0.25041872319266995,-0.21956150555287518,-0.5576142302117724,0.28135819118310423,1.0,1
0,1,0.0,0,0,-0.5078638637125394,0.9486818384378877,-0.5576142302117724,0.28135819118310423,1.0,1
0,0,2.0,0,1,-0.26735590349002974,0.1472862473417406,-0.31518245820877866,0.28135819118310423,1.0,1
1,1,2.0,0,1,0.44366692539313635,1.8424563636720426,4.0485894378451075,0.28135819118310423,1.0,0
1,1,0.0,0,0,-0.5961065730617843,0.07558418654870207,-0.6788301162132692,0.28135819118310423,1.0,2
0,1,0.0,1,0,-0.2080757724492703,-0.5473899974577909,-0.2666961038081799,0.28135819118310423,1.0,0
1,1,0.0,1,0,-0.5354714675972361,0.25300509976682534,-0.37579040120952706,0.28135819118310423,1.0,2
1,1,2.0,1,0,0.3960734487575552,-0.5473899974577909,0.47272080080095086,0.28135819118310423,1.0,0
1,0,1.0,1,1,-0.4335096422071298,-0.03313614749097498,0.5333287438016993,0.28135819118310423,1.0,1
1,1,0.0,0,0,-0.31020696964235017,0.10759999043768671,-0.3636688126093774,0.28135819118310423,1.0,0
1,1,0.0,0,0,-0.35271929218872333,-0.07482339213809042,-0.09699386340608432,0.28135819118310423,1.0,1
0,0,0.0,0,0,-0.45078556611043685,-0.005455817045290336,-0.7515596478141673,0.28135819118310423,1.0,2
1,1,0.0,0,0,-0.07935320218933553,-0.27058669300094446,-0.2545745152080302,0.28135819118310423,1.0,1
1,1,1.0,0,0,0.9182467173251591,-0.5473899974577909,2.012162553019961,0.28135819118310423,1.0,2
1,1,2.0,0,0,-0.30800513620369335,0.925336981435503,1.1757729396096326,0.28135819118310423,1.0,0
0,1,2.0,0,0,1.6153810583644903,-0.5473899974577909,-0.9212618882162629,0.28135819118310423,1.0,2
1,1,2.0,1,0,-0.19113859215191048,-0.0704879186947904,-0.20608816080743148,0.28135819118310423,1.0,0
1,1,2.0,1,1,0.17860005373945484,-0.2138920402808675,0.4969639780012502,0.28135819118310423,1.0,0
1,1,2.0,0,0,-0.22399672192878858,-0.03847211480580576,0.2666537945984062,0.28135819118310423,1.0,2
1,1,3.0,0,0,-0.4509549379134104,0.1472862473417406,-0.6182221732125207,0.28135819118310423,1.0,0
1,1,2.0,0,1,0.6765531544818342,2.0782394193961276,2.8364305778301393,-0.6398889148050028,1.0,0
0,0,0.0,0,0,-0.17420141185455065,-0.5473899974577909,-0.12123704060638368,0.28135819118310423,0.0,1
1,1,2.0,1,0,-0.29259230213309595,-0.017128245546482655,-2.1154604886841822e-05,0.28135819118310423,1.0,0
1,1,2.0,0,0,-0.6824861925783194,-0.18521121596365206,-1.563706084024196,-3.4036302327693235,1.0,2
1,0,0.0,0,0,-0.5236154413890841,-0.5473899974577909,-1.0061130084173107,2.1238524031593182,0.0,1
1,1,0.0,0,0,-0.23500588912207246,0.23166123050750223,-0.14548021780668305,0.28135819118310423,1.0,1
0,0,0.0,1,0,-0.5276803646604505,-0.5473899974577909,-0.9697482426168615,0.28135819118310423,1.0,0
1,1,3.0,1,0,-0.22636792717041895,-0.5473899974577909,-2.1154604886841822e-05,-2.4823831267812166,1.0,2
1,1,0.0,1,0,-0.40844261536703724,-0.36863509241096,-0.9697482426168615,0.28135819118310423,1.0,0
1,1,1.0,0,0,0.02904475171376744,-0.12718257141486738,0.2908969717987056,0.28135819118310423,1.0,0
1,0,0.0,0,0,-0.2825993657576536,1.1414436576861495,0.4969639780012502,0.28135819118310423,1.0,1
1,1,1.0,0,0,-0.5613853534521965,0.4280915272847101,-0.4000335784098264,0.28135819118310423,1.0,2
1,1,0.0,0,0,-0.33239467583189153,0.18630550833144063,-0.13335862920653338,0.28135819118310423,1.0,0
1,1,0.0,0,0,0.10068902437159957,0.13761480658360983,0.7878821044048426,0.28135819118310423,1.0,0
1,0,0.0,0,1,0.2529542752448645,-0.5473899974577909,-0.060629097605635264,0.28135819118310423,1.0,0
0,0,3.0,0,0,-0.3803268960734199,-0.5473899974577909,1.3212320028114288,0.28135819118310423,1.0,0
1,0,0.0,0,0,-0.3992965380064629,0.3834028010230024,-0.02426433180518621,0.28135819118310423,1.0,1
1,1,1.0,0,0,-0.48059500343379014,0.13761480658360983,-0.5091278758111736,0.28135819118310423,1.0,1
1,1,0.0,0,0,-0.5539329941213582,0.1642946431577637,-0.7030732934135685,0.28135819118310423,1.0,2
1,0,0.0,0,1,-0.36355908757903366,0.42542354362729473,0.18180267439735842,0.28135819118310423,1.0,2
0,0,0.0,0,0,-0.35424363841548573,-0.5473899974577909,-1.4061254322222503,0.28135819118310423,1.0,2
1,1,0.0,1,0,-0.4960078375043876,0.7199022398145183,-2.1154604886841822e-05,-2.4823831267812166,1.0,2
0,1,1.0,0,0,-0.3391695479508355,-0.24290636255525982,-0.4970062872110239,-3.9563784963621877,1.0,1
1,0,0.0,0,0,-0.49007982440031167,-0.5473899974577909,-0.8606539452155144,0.28135819118310423,1.0,2
1,1,1.0,0,0,0.4646690289618625,-0.46735048773532933,1.2969888256111293,0.28135819118310423,1.0,2
1,1,1.0,0,1,0.56527587992818,1.1144303231548187,2.7879442234295406,0.28135819118310423,0.0,0
1,0,0.0,0,0,-0.3826981013150503,-0.5473899974577909,-0.9091402996161132,2.1238524031593182,1.0,2
0,0,0.0,0,0,-0.20401084917790396,-0.5473899974577909,-0.37579040120952706,0.28135819118310423,1.0,1
0,0,0.0,1,0,-0.3266360345307892,-0.5473899974577909,-0.6182221732125207,0.28135819118310423,1.0,0
1,1,2.0,0,0,-0.4033614612778293,-0.01279277210318265,-2.1154604886841822e-05,0.28135819118310423,1.0,2
1,1,0.0,0,0,-0.877094394194984,0.05290632546067127,-0.13335862920653338,0.28135819118310423,1.0,0
1,1,0.0,1,1,-0.1667490525237123,-0.30193550097557526,-0.7151948820137182,0.28135819118310423,1.0,1
1,0,0.0,0,0,0.19841655468736585,-0.5473899974577909,-0.4970062872110239,0.28135819118310423,0.0,0
1,1,1.0,0,0,0.12473982039385054,0.12093990872476365,1.2606240598106804,0.28135819118310423,1.0,1
1,0,0.0,0,1,-0.04717255962435184,-0.5473899974577909,-0.339425635409078,0.28135819118310423,1.0,1
1,1,2.0,0,1,-0.6315052798832663,6.122569146080678,1.1272865852090337,0.28135819118310423,1.0,2
1,1,1.0,0,0,-0.1262691916130223,-0.04447507803499038,-0.21820974940758117,0.28135819118310423,1.0,0
1,1,0.0,0,0,-0.36626903642661124,0.14094978615537906,-0.5091278758111736,0.28135819118310423,0.0,2
1,1,2.0,1,0,-0.3379839453300203,0.11960591689605596,-0.569735818811922,0.28135819118310423,1.0,1
1,1,0.0,0,0,-0.5263253902366617,-0.5473899974577909,-1.0424777742177598,0.28135819118310423,0.0,2
0,1,0.0,0,0,-0.2814137631368384,-0.060816477936659626,-0.02426433180518621,0.28135819118310423,1.0,1
0,1,0.0,1,0,-0.3915054350696774,-0.3262808518494907,-0.5333710530114729,0.28135819118310423,1.0,1
1,0,2.0,0,0,-0.16505533449397633,-0.5473899974577909,-0.12123704060638368,0.28135819118310423,1.0,0
1,1,2.0,0,1,-0.1262691916130223,0.1472862473417406,0.16968108579720872,0.28135819118310423,1.0,1
1,1,2.0,0,0,-0.3774475754228687,-0.08049285741009811,-0.4000335784098264,0.28135819118310423,1.0,2
1,1,0.0,0,0,-0.5676521101622197,-0.21489253415239826,-1.1636936602192565,0.28135819118310423,1.0,1
1,0,0.0,0,0,-0.47907065720702774,-0.5473899974577909,-0.606100584612371,2.1238524031593182,1.0,1
1,0,1.0,0,0,-0.38388370393586546,0.11527044345275596,-0.4242767556101258,-2.4823831267812166,0.0,2
1,1,1.0,0,0,0.1277885128473753,0.8699763205441338,2.230351147822655,0.28135819118310423,1.0,2
1,0,0.0,0,0,-0.588654213730946,0.39974420092467167,-0.3879119898096767,0.28135819118310423,1.0,0
1,1,3.0,1,0,-0.4541730021699088,-0.018128739418013427,0.3272617375991546,0.28135819118310423,1.0,0
0,0,0.0,0,0,-0.39523161473509655,-0.5473899974577909,-1.0424777742177598,0.28135819118310423,1.0,2
1,1,2.0,0,0,-0.368470869865268,-0.027133184261790358,-0.14548021780668305,0.28135819118310423,1.0,2
1,0,0.0,1,0,-0.5073557483036187,-0.06348446159407502,-0.5333710530114729,2.1238524031593182,0.0,2
1,1,0.0,0,0,-0.35509049743035376,0.10293101903720979,-0.46064152141057485,0.28135819118310423,1.0,0
1,1,2.0,1,0,-0.531237172522896,0.03356344394440971,-1.224301603220005,0.28135819118310423,1.0,1
1,1,2.0,0,0,0.07646885654637499,-0.5473899974577909,0.5575719210019986,0.28135819118310423,1.0,2
0,1,1.0,0,0,-0.12203489653868234,0.40141169071055627,-0.07275068620578495,-2.4823831267812166,1.0,1
0,0,1.0,0,0,-0.31291691848992775,-0.5473899974577909,0.10907314279646031,-4.693376181152673,1.0,1
1,1,2.0,1,0,-0.23907081239343883,-0.5473899974577909,-0.2666961038081799,0.28135819118310423,1.0,1
1,0,0.0,1,0,-0.2931004175420167,-0.11817812657109046,-0.5576142302117724,0.28135819118310423,1.0,0
1,0,0.0,1,0,-0.3337496502556803,-0.5473899974577909,-0.800046002214766,-4.693376181152673,1.0,1
1,1,1.0,0,0,-0.06495659893657967,-0.5473899974577909,-2.1154604886841822e-05,0.28135819118310423,0.0,0
0,0,1.0,0,0,1.3437086863948382,-0.5473899974577909,-1.2849095462207534,0.28135819118310423,1.0,2
1,1,0.0,0,0,0.985317951302704,-0.5473899974577909,-0.12123704060638368,0.28135819118310423,1.0,2
1,1,0.0,1,0,-0.46213347690966794,0.08992459870730977,-0.3636688126093774,0.28135819118310423,0.0,1
0,0,3.0,1,0,-0.5925497651993387,-0.5473899974577909,-2.1154604886841822e-05,0.28135819118310423,0.0,2
0,0,0.0,1,1,2.021365270092206,-0.5473899974577909,0.9575843448069382,0.28135819118310423,1.0,1
1,1,0.0,0,0,0.06427408673227591,1.3285360116624034,0.4969639780012502,0.28135819118310423,1.0,1
1,1,1.0,0,0,0.26193098080246524,-0.5473899974577909,0.654544629803196,0.28135819118310423,1.0,1
0,0,0.0,0,0,-0.35305803579467054,-0.5473899974577909,-0.800046002214766,0.28135819118310423,1.0,2
1,1,0.0,1,0,-0.5209054925415065,0.13061134948289443,-0.43639834421027546,0.28135819118310423,1.0,0
1,1,0.0,0,0,0.3395032665643733,2.2316484796975122,0.351504914799454,-0.6398889148050028,1.0,0
1,1,1.0,1,0,-0.007370185925556215,-0.0704879186947904,0.18180267439735842,0.28135819118310423,0.0,1
1,1,2.0,0,0,-0.024307366222916054,-0.5473899974577909,0.10907314279646031,0.28135819118310423,1.0,1
1,0,1.0,0,0,-0.15997418040476838,0.0505718397604328,-0.35154722400922767,0.28135819118310423,1.0,2
1,0,0.0,0,0,0.014986892066958775,-0.5473899974577909,0.2666537945984062,0.28135819118310423,1.0,2
1,0,0.0,1,1,0.3395032665643733,-0.5473899974577909,-0.31518245820877866,0.28135819118310423,1.0,0
1,1,2.0,1,0,-0.413185025850298,-0.5473899974577909,-1.224301603220005,-2.4823831267812166,0.0,2
1,0,0.0,0,0,-0.20248650295114157,-0.5473899974577909,-0.29093928100847927,0.28135819118310423,1.0,1
1,0,0.0,1,0,-0.27734883986547204,-0.5473899974577909,-0.43639834421027546,0.28135819118310423,1.0,0
1,1,1.0,0,0,-0.24618442811832997,-0.5473899974577909,-0.9576266540167119,0.28135819118310423,1.0,2
0,0,0.0,0,0,0.5088750695379717,-0.5473899974577909,1.6242717178151709,0.28135819118310423,1.0,1
0,0,0.0,0,0,-0.7932553517230528,0.6808829788248181,-0.4000335784098264,2.1238524031593182,1.0,0
1,0,0.0,0,0,-0.4421476041587833,-0.5473899974577909,-0.9212618882162629,0.28135819118310423,1.0,1
1,1,1.0,0,0,0.10610892206675472,1.3285360116624034,2.0485273188204096,0.28135819118310423,1.0,2
1,1,1.0,0,1,-0.7331283616674253,0.4604408291308717,-0.43639834421027546,0.28135819118310423,1.0,2
1,1,1.0,0,0,1.5674488381229619,-0.5473899974577909,0.47272080080095086,-2.4823831267812166,1.0,0
1,0,0.0,0,0,0.7078869380319498,-0.5473899974577909,0.4969639780012502,0.28135819118310423,1.0,0
0,1,2.0,1,1,-0.8669320860165681,0.42542354362729473,-0.5818574074120717,0.28135819118310423,1.0,1
1,0,0.0,0,0,-0.002119660033374664,-0.5473899974577909,-0.12123704060638368,0.28135819118310423,1.0,2
